<?xml version="1.0" encoding="UTF-8"?>
<GenRun Id="impl_1" LaunchPart="xc7a35tcpg236-1" LaunchTime="1651767222">
  <File Type="BITSTR-BMM" Name="alarm_system_bd.bmm"/>
  <File Type="OPT-METHODOLOGY-DRC" Name="alarm_system_methodology_drc_opted.rpt"/>
  <File Type="INIT-TIMING" Name="alarm_system_timing_summary_init.rpt"/>
  <File Type="ROUTE-PWR" Name="alarm_system_power_routed.rpt"/>
  <File Type="PA-TCL" Name="alarm_system.tcl"/>
  <File Type="OPT-TIMING" Name="alarm_system_timing_summary_opted.rpt"/>
  <File Type="OPT-DCP" Name="alarm_system_opt.dcp"/>
  <File Type="ROUTE-PWR-SUM" Name="alarm_system_power_summary_routed.pb"/>
  <File Type="REPORTS-TCL" Name="alarm_system_reports.tcl"/>
  <File Type="OPT-DRC" Name="alarm_system_drc_opted.rpt"/>
  <File Type="OPT-HWDEF" Name="alarm_system.hwdef"/>
  <File Type="PWROPT-DCP" Name="alarm_system_pwropt.dcp"/>
  <File Type="PWROPT-DRC" Name="alarm_system_drc_pwropted.rpt"/>
  <File Type="PWROPT-TIMING" Name="alarm_system_timing_summary_pwropted.rpt"/>
  <File Type="PLACE-DCP" Name="alarm_system_placed.dcp"/>
  <File Type="PLACE-IO" Name="alarm_system_io_placed.rpt"/>
  <File Type="PLACE-CLK" Name="alarm_system_clock_utilization_placed.rpt"/>
  <File Type="PLACE-UTIL" Name="alarm_system_utilization_placed.rpt"/>
  <File Type="PLACE-UTIL-PB" Name="alarm_system_utilization_placed.pb"/>
  <File Type="PLACE-CTRL" Name="alarm_system_control_sets_placed.rpt"/>
  <File Type="PLACE-SIMILARITY" Name="alarm_system_incremental_reuse_placed.rpt"/>
  <File Type="PLACE-PRE-SIMILARITY" Name="alarm_system_incremental_reuse_pre_placed.rpt"/>
  <File Type="PLACE-TIMING" Name="alarm_system_timing_summary_placed.rpt"/>
  <File Type="POSTPLACE-PWROPT-DCP" Name="alarm_system_postplace_pwropt.dcp"/>
  <File Type="BG-BIN" Name="alarm_system.bin"/>
  <File Type="POSTPLACE-PWROPT-TIMING" Name="alarm_system_timing_summary_postplace_pwropted.rpt"/>
  <File Type="PHYSOPT-DCP" Name="alarm_system_physopt.dcp"/>
  <File Type="PHYSOPT-DRC" Name="alarm_system_drc_physopted.rpt"/>
  <File Type="BITSTR-MSK" Name="alarm_system.msk"/>
  <File Type="PHYSOPT-TIMING" Name="alarm_system_timing_summary_physopted.rpt"/>
  <File Type="ROUTE-ERROR-DCP" Name="alarm_system_routed_error.dcp"/>
  <File Type="ROUTE-DCP" Name="alarm_system_routed.dcp"/>
  <File Type="ROUTE-BLACKBOX-DCP" Name="alarm_system_routed_bb.dcp"/>
  <File Type="ROUTE-DRC" Name="alarm_system_drc_routed.rpt"/>
  <File Type="ROUTE-DRC-PB" Name="alarm_system_drc_routed.pb"/>
  <File Type="ROUTE-DRC-RPX" Name="alarm_system_drc_routed.rpx"/>
  <File Type="BITSTR-MMI" Name="alarm_system.mmi"/>
  <File Type="ROUTE-METHODOLOGY-DRC" Name="alarm_system_methodology_drc_routed.rpt"/>
  <File Type="ROUTE-METHODOLOGY-DRC-RPX" Name="alarm_system_methodology_drc_routed.rpx"/>
  <File Type="ROUTE-METHODOLOGY-DRC-PB" Name="alarm_system_methodology_drc_routed.pb"/>
  <File Type="ROUTE-PWR-RPX" Name="alarm_system_power_routed.rpx"/>
  <File Type="ROUTE-STATUS" Name="alarm_system_route_status.rpt"/>
  <File Type="ROUTE-STATUS-PB" Name="alarm_system_route_status.pb"/>
  <File Type="ROUTE-TIMINGSUMMARY" Name="alarm_system_timing_summary_routed.rpt"/>
  <File Type="ROUTE-TIMING-PB" Name="alarm_system_timing_summary_routed.pb"/>
  <File Type="ROUTE-TIMING-RPX" Name="alarm_system_timing_summary_routed.rpx"/>
  <File Type="ROUTE-SIMILARITY" Name="alarm_system_incremental_reuse_routed.rpt"/>
  <File Type="ROUTE-CLK" Name="alarm_system_clock_utilization_routed.rpt"/>
  <File Type="ROUTE-BUS-SKEW" Name="alarm_system_bus_skew_routed.rpt"/>
  <File Type="ROUTE-BUS-SKEW-PB" Name="alarm_system_bus_skew_routed.pb"/>
  <File Type="ROUTE-BUS-SKEW-RPX" Name="alarm_system_bus_skew_routed.rpx"/>
  <File Type="POSTROUTE-PHYSOPT-DCP" Name="alarm_system_postroute_physopt.dcp"/>
  <File Type="POSTROUTE-PHYSOPT-BLACKBOX-DCP" Name="alarm_system_postroute_physopt_bb.dcp"/>
  <File Type="POSTROUTE-PHYSOPT-TIMING" Name="alarm_system_timing_summary_postroute_physopted.rpt"/>
  <File Type="POSTROUTE-PHYSOPT-TIMING-PB" Name="alarm_system_timing_summary_postroute_physopted.pb"/>
  <File Type="POSTROUTE-PHYSOPT-TIMING-RPX" Name="alarm_system_timing_summary_postroute_physopted.rpx"/>
  <File Type="POSTROUTE-PHYSOPT-BUS-SKEW" Name="alarm_system_bus_skew_postroute_physopted.rpt"/>
  <File Type="POSTROUTE-PHYSOPT-BUS-SKEW-PB" Name="alarm_system_bus_skew_postroute_physopted.pb"/>
  <File Type="BG-BIT" Name="alarm_system.bit"/>
  <File Type="POSTROUTE-PHYSOPT-BUS-SKEW-RPX" Name="alarm_system_bus_skew_postroute_physopted.rpx"/>
  <File Type="BITSTR-RBT" Name="alarm_system.rbt"/>
  <File Type="BITSTR-NKY" Name="alarm_system.nky"/>
  <File Type="PDI-FILE" Name="alarm_system.pdi"/>
  <File Type="RCFI_FILE" Name="alarm_system.rcfi"/>
  <File Type="CFI_FILE" Name="alarm_system.cfi"/>
  <File Type="RNPI_FILE" Name="alarm_system.rnpi"/>
  <File Type="NPI_FILE" Name="alarm_system.npi"/>
  <File Type="RBD_FILE" Name="alarm_system.rbd"/>
  <File Type="BITSTR-LTX" Name="debug_nets.ltx"/>
  <File Type="BITSTR-LTX" Name="alarm_system.ltx"/>
  <File Type="BITSTR-SYSDEF" Name="alarm_system.sysdef"/>
  <File Type="BG-BGN" Name="alarm_system.bgn"/>
  <File Type="BG-DRC" Name="alarm_system.drc"/>
  <File Type="RDI-RDI" Name="alarm_system.vdi"/>
  <File Type="WBT-USG" Name="usage_statistics_webtalk.html"/>
  <FileSet Name="sources" Type="DesignSrcs" RelSrcDir="$PSRCDIR/sources_1" RelGenDir="$PGENDIR/sources_1">
    <Filter Type="Srcs"/>
    <File Path="C:/Users/Admin/Downloads/DeBouncer.vhd">
      <FileInfo>
        <Attr Name="UsedIn" Val="synthesis"/>
        <Attr Name="UsedIn" Val="simulation"/>
      </FileInfo>
    </File>
    <File Path="$PSRCDIR/sources_1/new/alarm_system.vhd">
      <FileInfo>
        <Attr Name="UsedIn" Val="synthesis"/>
        <Attr Name="UsedIn" Val="simulation"/>
      </FileInfo>
    </File>
    <Config>
      <Option Name="DesignMode" Val="RTL"/>
      <Option Name="TopModule" Val="alarm_system"/>
      <Option Name="TopAutoSet" Val="TRUE"/>
    </Config>
  </FileSet>
  <FileSet Name="constrs_in" Type="Constrs" RelSrcDir="$PSRCDIR/constrs_1">
    <Filter Type="Constrs"/>
    <File Path="$PPRDIR/basys3.xdc">
      <FileInfo>
        <Attr Name="UsedIn" Val="synthesis"/>
        <Attr Name="UsedIn" Val="implementation"/>
      </FileInfo>
    </File>
    <Config>
      <Option Name="ConstrsType" Val="XDC"/>
    </Config>
  </FileSet>
  <FileSet Name="utils" Type="Utils" RelSrcDir="$PSRCDIR/utils_1">
    <Filter Type="Utils"/>
    <Config>
      <Option Name="TopAutoSet" Val="TRUE"/>
    </Config>
  </FileSet>
  <Strategy Version="1" Minor="2">
    <StratHandle Name="Vivado Implementation Defaults" Flow="Vivado Implementation 2020"/>
    <Step Id="init_design"/>
    <Step Id="opt_design"/>
    <Step Id="power_opt_design"/>
    <Step Id="place_design"/>
    <Step Id="post_place_power_opt_design"/>
    <Step Id="phys_opt_design"/>
    <Step Id="route_design"/>
    <Step Id="post_route_phys_opt_design"/>
    <Step Id="write_bitstream"/>
  </Strategy>
</GenRun>
